unique_id,factor_tag,ric,sample_count,start_date,end_date,abs_ric
000140.SH,alpha084,-0.17639313558103042,1218,2016-01-04,2020-12-31,0.17639313558103042
000510.CSI,alpha054,0.09473971755883118,1218,2016-01-04,2020-12-31,0.09473971755883118
000510.CSI,alpha055,-0.09358951934423666,1218,2016-01-04,2020-12-31,0.09358951934423666
000906.SH,alpha054,0.08903965902250575,1218,2016-01-04,2020-12-31,0.08903965902250575
000852.SH,alpha065,0.08577241027244559,1218,2016-01-04,2020-12-31,0.08577241027244559
000906.SH,alpha022,0.08538651324350008,1198,2016-01-04,2020-12-31,0.08538651324350008
000140.SH,alpha065,-0.08507651120026095,1218,2016-01-04,2020-12-31,0.08507651120026095
000300.SH,alpha054,0.08400179808603556,1218,2016-01-04,2020-12-31,0.08400179808603556
931071.CSI,alpha032,0.08346887447912275,1218,2016-01-04,2020-12-31,0.08346887447912275
Au9999.SGE,alpha073,-0.08130915318152318,1218,2016-01-04,2020-12-31,0.08130915318152318
000140.SH,alpha026,-0.0807610696837563,1218,2016-01-04,2020-12-31,0.0807610696837563
000905.SH,alpha022,0.07790345116075362,1218,2016-01-04,2020-12-31,0.07790345116075362
000905.SH,alpha050,-0.07734489832587121,1218,2016-01-04,2020-12-31,0.07734489832587121
000140.SH,alpha044,0.07687330217877181,1218,2016-01-04,2020-12-31,0.07687330217877181
Au9999.SGE,alpha019,0.0762710762149444,1014,2016-11-07,2020-12-31,0.0762710762149444
000928.SH,alpha065,-0.0750564582007293,1218,2016-01-04,2020-12-31,0.0750564582007293
Au9999.SGE,alpha027,0.0747330314464697,1218,2016-01-04,2020-12-31,0.0747330314464697
000928.SH,alpha015,0.07470541747673522,1218,2016-01-04,2020-12-31,0.07470541747673522
932000.CSI,alpha032,0.07458509915456679,1154,2016-01-04,2020-09-24,0.07458509915456679
000905.SH,alpha054,0.07443455477973983,1218,2016-01-04,2020-12-31,0.07443455477973983
000905.SH,alpha084,0.07351740298583208,1218,2016-01-04,2020-12-31,0.07351740298583208
Au9999.SGE,alpha094,0.07288546597480812,1218,2016-01-04,2020-12-31,0.07288546597480812
000905.SH,alpha064,-0.06834835966533453,1218,2016-01-04,2020-12-31,0.06834835966533453
000928.SH,alpha074,0.06768534776255923,1218,2016-01-04,2020-12-31,0.06768534776255923
930050.CSI,alpha054,0.06502582325289838,1218,2016-01-04,2020-12-31,0.06502582325289838
930050.CSI,alpha007,-0.06394315154264364,1151,2016-01-04,2020-12-31,0.06394315154264364
930050.CSI,alpha002,-0.06320951800436919,1218,2016-01-04,2020-12-31,0.06320951800436919
000300.SH,alpha032,0.06296729910978781,789,2017-10-10,2020-12-31,0.06296729910978781
000905.SH,alpha013,-0.06277411503203739,1218,2016-01-04,2020-12-31,0.06277411503203739
000510.CSI,alpha084,0.06239125010463183,1218,2016-01-04,2020-12-31,0.06239125010463183
931071.CSI,alpha065,-0.06172206833228991,1218,2016-01-04,2020-12-31,0.06172206833228991
000510.CSI,alpha085,0.06112684832866614,1218,2016-01-04,2020-12-31,0.06112684832866614
000906.SH,alpha032,0.060335322457840124,983,2016-01-04,2020-12-31,0.060335322457840124
000928.SH,alpha002,0.0601460114423075,1218,2016-01-04,2020-12-31,0.0601460114423075
000906.SH,alpha017,0.0596746339994784,1208,2016-01-04,2020-12-31,0.0596746339994784
000906.SH,alpha084,0.059118720402507034,1218,2016-01-04,2020-12-31,0.059118720402507034
000300.SH,alpha071,0.05822824294834527,1218,2016-01-04,2020-12-31,0.05822824294834527
Au9999.SGE,alpha023,0.058030854530894085,1218,2016-01-04,2020-12-31,0.058030854530894085
000928.SH,alpha013,0.05768685861986171,1218,2016-01-04,2020-12-31,0.05768685861986171
000906.SH,alpha098,-0.056772095651007326,1178,2016-01-04,2020-12-31,0.056772095651007326
000852.SH,alpha011,-0.056666175686167324,1214,2016-01-04,2020-12-31,0.056666175686167324
000510.CSI,alpha016,0.056554234758970506,1218,2016-01-04,2020-12-31,0.056554234758970506
000300.SH,alpha007,-0.055738027071245894,1092,2016-04-01,2020-12-31,0.055738027071245894
931071.CSI,alpha041,-0.05550708976872982,1218,2016-01-04,2020-12-31,0.05550708976872982
931071.CSI,alpha084,0.05503900029700323,1218,2016-01-04,2020-12-31,0.05503900029700323
000928.SH,alpha064,-0.055008805080077446,1218,2016-01-04,2020-12-31,0.055008805080077446
000905.SH,alpha055,-0.054591714932441644,1218,2016-01-04,2020-12-31,0.054591714932441644
930050.CSI,alpha019,-0.05452650300245888,965,2016-01-06,2020-12-31,0.05452650300245888
Au9999.SGE,alpha007,0.0541226390193263,1198,2016-02-01,2020-12-31,0.0541226390193263
000140.SH,alpha060,0.054094072986482875,1217,2016-01-04,2020-12-31,0.054094072986482875
930050.CSI,alpha044,-0.05345986120065109,1218,2016-01-04,2020-12-31,0.05345986120065109
932000.CSI,alpha002,0.05329661280903299,1218,2016-01-04,2020-12-31,0.05329661280903299
931071.CSI,alpha077,0.0532240598890636,1218,2016-01-04,2020-12-31,0.0532240598890636
000852.SH,alpha002,-0.05185741370831749,1218,2016-01-04,2020-12-31,0.05185741370831749
000140.SH,alpha094,-0.051826973969050366,1218,2016-01-04,2020-12-31,0.051826973969050366
000510.CSI,alpha001,0.05162420670102898,1218,2016-01-04,2020-12-31,0.05162420670102898
Au9999.SGE,alpha095,0.051493486340587646,1218,2016-01-04,2020-12-31,0.051493486340587646
000140.SH,alpha022,-0.051461217139837805,1218,2016-01-04,2020-12-31,0.051461217139837805
000906.SH,alpha062,0.051162946077500104,1218,2016-01-04,2020-12-31,0.051162946077500104
000906.SH,alpha015,0.0511124844315679,1218,2016-01-04,2020-12-31,0.0511124844315679
000300.SH,alpha084,0.050935298039498506,1218,2016-01-04,2020-12-31,0.050935298039498506
000906.SH,alpha020,0.05036782734690028,1216,2016-01-04,2020-12-31,0.05036782734690028
000510.CSI,alpha098,0.04987601924166084,1218,2016-01-04,2020-12-31,0.04987601924166084
Au9999.SGE,alpha035,-0.049813429499678784,1218,2016-01-04,2020-12-31,0.049813429499678784
000905.SH,alpha083,0.04976084272357285,1218,2016-01-04,2020-12-31,0.04976084272357285
000905.SH,alpha041,-0.049388184334966535,1218,2016-01-04,2020-12-31,0.049388184334966535
000140.SH,alpha074,-0.04888983234818291,1218,2016-01-04,2020-12-31,0.04888983234818291
000852.SH,alpha074,-0.04877225030650259,1218,2016-01-04,2020-12-31,0.04877225030650259
000928.SH,alpha032,0.04854360991739647,1218,2016-01-04,2020-12-31,0.04854360991739647
000140.SH,alpha021,-0.04832088573604622,1218,2016-01-04,2020-12-31,0.04832088573604622
932000.CSI,alpha010,-0.048017459501335576,1216,2016-01-04,2020-12-31,0.048017459501335576
000852.SH,alpha077,-0.04799294700516115,1218,2016-01-04,2020-12-31,0.04799294700516115
000300.SH,alpha025,0.04784519547697867,1186,2016-01-20,2020-12-31,0.04784519547697867
000140.SH,alpha011,-0.04770574385408863,1218,2016-01-04,2020-12-31,0.04770574385408863
932000.CSI,alpha053,-0.04750862954352962,1216,2016-01-04,2020-12-31,0.04750862954352962
000852.SH,alpha084,0.04750111183168604,1218,2016-01-04,2020-12-31,0.04750111183168604
930050.CSI,alpha055,-0.047432211561551384,1218,2016-01-04,2020-12-31,0.047432211561551384
000300.SH,alpha039,-0.04707053164301355,773,2017-11-01,2020-12-31,0.04707053164301355
932000.CSI,alpha022,0.04662969870635311,1198,2016-01-04,2020-12-31,0.04662969870635311
000510.CSI,alpha026,-0.04652200892306152,1218,2016-01-04,2020-12-31,0.04652200892306152
000140.SH,alpha040,-0.04626771988097604,1218,2016-01-04,2020-12-31,0.04626771988097604
000300.SH,alpha053,-0.04618628178070732,1215,2016-01-04,2020-12-31,0.04618628178070732
000300.SH,alpha013,0.04606411547244279,1213,2016-01-04,2020-12-31,0.04606411547244279
000928.SH,alpha094,0.04604408485007099,1218,2016-01-04,2020-12-31,0.04604408485007099
000300.SH,alpha015,-0.04595566729736142,1218,2016-01-04,2020-12-31,0.04595566729736142
Au9999.SGE,alpha005,0.045907275678411866,1218,2016-01-04,2020-12-31,0.045907275678411866
000905.SH,alpha027,-0.04578621242923616,1218,2016-01-04,2020-12-31,0.04578621242923616
000905.SH,alpha039,0.04575692485479136,1216,2016-01-06,2020-12-31,0.04575692485479136
932000.CSI,alpha041,-0.045412406652067125,1218,2016-01-04,2020-12-31,0.045412406652067125
Au9999.SGE,alpha024,-0.04524742966599337,1165,2016-03-24,2020-12-31,0.04524742966599337
000852.SH,alpha025,-0.045141665961347215,1198,2016-01-04,2020-12-31,0.045141665961347215
000140.SH,alpha013,0.04513794600108061,1218,2016-01-04,2020-12-31,0.04513794600108061
000510.CSI,alpha057,-0.04488006314113772,1218,2016-01-04,2020-12-31,0.04488006314113772
000852.SH,alpha016,0.04463208892630986,1213,2016-01-04,2020-12-31,0.04463208892630986
931071.CSI,alpha092,0.04450765438133896,1218,2016-01-04,2020-12-31,0.04450765438133896
Au9999.SGE,alpha047,-0.044417485805049776,1218,2016-01-04,2020-12-31,0.044417485805049776
930050.CSI,alpha074,0.044274126200796494,1218,2016-01-04,2020-12-31,0.044274126200796494
931071.CSI,alpha009,-0.04405864605963313,1218,2016-01-04,2020-12-31,0.04405864605963313
000300.SH,alpha044,0.04364995454054303,1218,2016-01-04,2020-12-31,0.04364995454054303
000510.CSI,alpha064,0.04354777956404397,1218,2016-01-04,2020-12-31,0.04354777956404397
000905.SH,alpha044,0.04341930787181674,1218,2016-01-04,2020-12-31,0.04341930787181674
000852.SH,alpha036,0.04312462396800302,1018,2016-01-04,2020-12-31,0.04312462396800302
931071.CSI,alpha010,-0.04252977308186266,1218,2016-01-04,2020-12-31,0.04252977308186266
000905.SH,alpha065,0.04246017841314462,1218,2016-01-04,2020-12-31,0.04246017841314462
931071.CSI,alpha062,0.04228653554993587,1218,2016-01-04,2020-12-31,0.04228653554993587
000905.SH,alpha081,0.042189485726907235,1218,2016-01-04,2020-12-31,0.042189485726907235
000852.SH,alpha041,-0.041964170968621164,1218,2016-01-04,2020-12-31,0.041964170968621164
000852.SH,alpha052,-0.04183659209969644,977,2016-01-04,2020-12-31,0.04183659209969644
000906.SH,alpha001,-0.0416775128717851,1193,2016-01-04,2020-12-31,0.0416775128717851
930050.CSI,alpha032,0.04161942015321724,983,2016-01-04,2020-12-31,0.04161942015321724
000852.SH,alpha098,0.041584635628570364,1178,2016-01-04,2020-12-31,0.041584635628570364
000906.SH,alpha025,-0.04138659411736612,1198,2016-01-04,2020-12-31,0.04138659411736612
000906.SH,alpha029,-0.041314154964857304,1206,2016-01-04,2020-12-31,0.041314154964857304
000510.CSI,alpha094,-0.04128250311245008,1218,2016-01-04,2020-12-31,0.04128250311245008
000928.SH,alpha025,0.04124835767868748,1218,2016-01-04,2020-12-31,0.04124835767868748
000140.SH,alpha006,-0.041043296852726445,1218,2016-01-04,2020-12-31,0.041043296852726445
000300.SH,alpha096,0.041020704471849995,1218,2016-01-04,2020-12-31,0.041020704471849995
000905.SH,alpha053,0.0409193282171313,1218,2016-01-04,2020-12-31,0.0409193282171313
000928.SH,alpha077,-0.04088985719677508,1218,2016-01-04,2020-12-31,0.04088985719677508
000852.SH,alpha085,0.04083399281605926,1218,2016-01-04,2020-12-31,0.04083399281605926
Au9999.SGE,alpha085,-0.04070611331431686,1218,2016-01-04,2020-12-31,0.04070611331431686
Au9999.SGE,alpha004,0.04047109719360261,1218,2016-01-04,2020-12-31,0.04047109719360261
932000.CSI,alpha084,0.04020589608569255,1218,2016-01-04,2020-12-31,0.04020589608569255
Au9999.SGE,alpha077,-0.03994083320408573,1218,2016-01-04,2020-12-31,0.03994083320408573
000300.SH,alpha052,0.039790708612427415,783,2017-10-18,2020-12-31,0.039790708612427415
000852.SH,alpha009,-0.039673574704892724,1216,2016-01-04,2020-12-31,0.039673574704892724
000510.CSI,alpha039,-0.0396498314911926,1216,2016-01-06,2020-12-31,0.0396498314911926
000140.SH,alpha075,0.03962133295089127,1218,2016-01-04,2020-12-31,0.03962133295089127
000510.CSI,alpha034,-0.03946279483825803,1218,2016-01-04,2020-12-31,0.03946279483825803
932000.CSI,alpha040,0.038960241170094785,1208,2016-01-04,2020-12-31,0.038960241170094785
931071.CSI,alpha094,-0.03889957690504561,1218,2016-01-04,2020-12-31,0.03889957690504561
000140.SH,alpha071,-0.03885819937205496,1218,2016-01-04,2020-12-31,0.03885819937205496
000510.CSI,alpha074,0.03881289308767194,1218,2016-01-04,2020-12-31,0.03881289308767194
000510.CSI,alpha028,-0.03877034234135958,1218,2016-01-04,2020-12-31,0.03877034234135958
000300.SH,alpha077,0.03869958443936917,1218,2016-01-04,2020-12-31,0.03869958443936917
000906.SH,alpha075,0.03865273658074772,1218,2016-01-04,2020-12-31,0.03865273658074772
000905.SH,alpha015,-0.03850563200902045,1218,2016-01-04,2020-12-31,0.03850563200902045
930050.CSI,alpha033,0.03840976210306255,1217,2016-01-04,2020-12-31,0.03840976210306255
000906.SH,alpha077,-0.0383315932842166,1218,2016-01-04,2020-12-31,0.0383315932842166
930050.CSI,alpha099,-0.03798960031371998,1218,2016-01-04,2020-12-31,0.03798960031371998
Au9999.SGE,alpha017,0.03796590939766348,1218,2016-01-04,2020-12-31,0.03796590939766348
000905.SH,alpha092,-0.03796569220909189,1218,2016-01-04,2020-12-31,0.03796569220909189
000852.SH,alpha039,0.037790587189395014,965,2016-01-06,2020-12-31,0.037790587189395014
932000.CSI,alpha099,0.03767185850990644,1218,2016-01-04,2020-12-31,0.03767185850990644
000300.SH,alpha034,-0.03766307854507232,1216,2016-01-04,2020-12-31,0.03766307854507232
000905.SH,alpha017,0.03754726960930744,1218,2016-01-04,2020-12-31,0.03754726960930744
000906.SH,alpha083,-0.037494529424416057,1211,2016-01-04,2020-12-31,0.037494529424416057
Au9999.SGE,alpha088,-0.037463857891298684,1218,2016-01-04,2020-12-31,0.037463857891298684
932000.CSI,alpha077,0.03738084860901415,1218,2016-01-04,2020-12-31,0.03738084860901415
000928.SH,alpha088,0.03721730265172851,1218,2016-01-04,2020-12-31,0.03721730265172851
930050.CSI,alpha017,-0.03719629035077082,1208,2016-01-04,2020-12-31,0.03719629035077082
930050.CSI,alpha045,0.0371888412843446,1198,2016-01-04,2020-12-31,0.0371888412843446
Au9999.SGE,alpha064,0.03679010301158135,1218,2016-01-04,2020-12-31,0.03679010301158135
000928.SH,alpha016,0.03669708144420356,1218,2016-01-04,2020-12-31,0.03669708144420356
000852.SH,alpha010,-0.03658706819088257,1216,2016-01-04,2020-12-31,0.03658706819088257
000140.SH,alpha081,0.03655874054323332,1218,2016-01-04,2020-12-31,0.03655874054323332
930050.CSI,alpha026,-0.03651009606797668,1218,2016-01-04,2020-12-31,0.03651009606797668
000510.CSI,alpha033,-0.03632264893363151,1218,2016-01-04,2020-12-31,0.03632264893363151
930050.CSI,alpha084,0.036238947788374366,1218,2016-01-04,2020-12-31,0.036238947788374366
932000.CSI,alpha073,-0.0362264339072106,1197,2016-01-04,2020-12-31,0.0362264339072106
930050.CSI,alpha088,0.03614766544129113,1210,2016-01-04,2020-12-31,0.03614766544129113
000852.SH,alpha096,0.036038693457738365,1218,2016-01-04,2020-12-31,0.036038693457738365
932000.CSI,alpha066,0.035838091897760445,1207,2016-01-04,2020-12-31,0.035838091897760445
932000.CSI,alpha007,0.03580983719362883,1154,2016-01-04,2020-09-24,0.03580983719362883
931071.CSI,alpha022,0.03577904053840099,1218,2016-01-04,2020-12-31,0.03577904053840099
Au9999.SGE,alpha042,0.035769626430394406,1218,2016-01-04,2020-12-31,0.035769626430394406
000140.SH,alpha036,-0.03576096425044682,1218,2016-01-04,2020-12-31,0.03576096425044682
930050.CSI,alpha057,-0.03572746692917288,1187,2016-01-04,2020-12-31,0.03572746692917288
930050.CSI,alpha096,-0.035702624509001274,1218,2016-01-04,2020-12-31,0.035702624509001274
000928.SH,alpha072,0.03554790604336065,1213,2016-01-05,2020-12-31,0.03554790604336065
000140.SH,alpha018,0.03539369415424091,1218,2016-01-04,2020-12-31,0.03539369415424091
000906.SH,alpha007,-0.03530460284944158,1151,2016-01-04,2020-12-31,0.03530460284944158
000928.SH,alpha040,-0.03492194749610956,1218,2016-01-04,2020-12-31,0.03492194749610956
931071.CSI,alpha095,0.03487301275144337,1218,2016-01-04,2020-12-31,0.03487301275144337
930050.CSI,alpha065,-0.03483910148817965,1218,2016-01-04,2020-12-31,0.03483910148817965
000510.CSI,alpha053,-0.03456362083500369,1218,2016-01-04,2020-12-31,0.03456362083500369
000928.SH,alpha099,0.03451879530562104,1218,2016-01-04,2020-12-31,0.03451879530562104
000510.CSI,alpha095,0.034417484844500607,1218,2016-01-04,2020-12-31,0.034417484844500607
932000.CSI,alpha083,-0.03430113899461412,1211,2016-01-04,2020-12-31,0.03430113899461412
930050.CSI,alpha077,0.03426297157910367,1218,2016-01-04,2020-12-31,0.03426297157910367
000906.SH,alpha074,0.03417535451422681,1218,2016-01-04,2020-12-31,0.03417535451422681
000905.SH,alpha016,-0.034098440859844696,1218,2016-01-04,2020-12-31,0.034098440859844696
000928.SH,alpha055,0.034095154731472954,1218,2016-01-04,2020-12-31,0.034095154731472954
000300.SH,alpha036,0.03408366690838604,826,2016-10-20,2020-12-31,0.03408366690838604
931071.CSI,alpha020,-0.03406509456981298,1218,2016-01-04,2020-12-31,0.03406509456981298
000928.SH,alpha001,-0.033926797953949164,1218,2016-01-04,2020-12-31,0.033926797953949164
000928.SH,alpha027,0.033891159084429266,1218,2016-01-04,2020-12-31,0.033891159084429266
000928.SH,alpha045,0.033822144344531985,1218,2016-01-04,2020-12-31,0.033822144344531985
000905.SH,alpha032,0.03378768836605956,1218,2016-01-04,2020-12-31,0.03378768836605956
000300.SH,alpha028,-0.03373525687962575,1217,2016-01-04,2020-12-31,0.03373525687962575
Au9999.SGE,alpha008,0.03364814439009683,1218,2016-01-04,2020-12-31,0.03364814439009683
000928.SH,alpha039,-0.03347906911279304,1216,2016-01-06,2020-12-31,0.03347906911279304
000510.CSI,alpha038,-0.03340134556518711,1218,2016-01-04,2020-12-31,0.03340134556518711
000928.SH,alpha041,-0.03330477452306323,1218,2016-01-04,2020-12-31,0.03330477452306323
000905.SH,alpha010,-0.033302898469099326,1218,2016-01-04,2020-12-31,0.033302898469099326
000510.CSI,alpha020,0.03287643883815959,1218,2016-01-04,2020-12-31,0.03287643883815959
932000.CSI,alpha034,0.03282531369613204,1216,2016-01-04,2020-12-31,0.03282531369613204
000140.SH,alpha078,0.03274780447045329,1218,2016-01-04,2020-12-31,0.03274780447045329
932000.CSI,alpha072,0.032745941227399745,1149,2016-01-05,2020-12-31,0.032745941227399745
000140.SH,alpha057,0.031451402606446924,1218,2016-01-04,2020-12-31,0.031451402606446924
931071.CSI,alpha017,-0.031195653038134222,1218,2016-01-04,2020-12-31,0.031195653038134222
000300.SH,alpha061,0.031046520345587757,1218,2016-01-04,2020-12-31,0.031046520345587757
Au9999.SGE,alpha083,0.031039504788958325,1218,2016-01-04,2020-12-31,0.031039504788958325
Au9999.SGE,alpha040,0.030907446616247426,1218,2016-01-04,2020-12-31,0.030907446616247426
931071.CSI,alpha088,0.03077705307386577,1218,2016-01-04,2020-12-31,0.03077705307386577
000906.SH,alpha095,-0.030776375163642927,1218,2016-01-04,2020-12-31,0.030776375163642927
000852.SH,alpha095,-0.030737526042080895,1218,2016-01-04,2020-12-31,0.030737526042080895
000906.SH,alpha034,0.03064412291682805,1216,2016-01-04,2020-12-31,0.03064412291682805
Au9999.SGE,alpha021,-0.030518216013485006,1218,2016-01-04,2020-12-31,0.030518216013485006
000140.SH,alpha046,-0.030489961456962998,1218,2016-01-04,2020-12-31,0.030489961456962998
931071.CSI,alpha027,0.030386296506293393,1218,2016-01-04,2020-12-31,0.030386296506293393
931071.CSI,alpha044,-0.03026709131464385,1218,2016-01-04,2020-12-31,0.03026709131464385
930050.CSI,alpha047,0.03025945778324543,1218,2016-01-04,2020-12-31,0.03025945778324543
000906.SH,alpha094,-0.02997598479728088,1218,2016-01-04,2020-12-31,0.02997598479728088
000300.SH,alpha073,0.029934068582280128,1184,2016-01-21,2020-12-31,0.029934068582280128
000906.SH,alpha008,0.029773958312560685,1206,2016-01-04,2020-12-31,0.029773958312560685
000906.SH,alpha078,-0.029734513055202305,1218,2016-01-04,2020-12-31,0.029734513055202305
931071.CSI,alpha071,0.029199005654899884,1218,2016-01-04,2020-12-31,0.029199005654899884
000928.SH,alpha003,0.029138553681199168,1218,2016-01-04,2020-12-31,0.029138553681199168
000928.SH,alpha005,-0.029087191313502066,1218,2016-01-04,2020-12-31,0.029087191313502066
000928.SH,alpha092,0.028979821363305295,1218,2016-01-04,2020-12-31,0.028979821363305295
930050.CSI,alpha023,-0.028976915783232627,1218,2016-01-04,2020-12-31,0.028976915783232627
930050.CSI,alpha018,0.028945134174592803,1213,2016-01-04,2020-12-31,0.028945134174592803
Au9999.SGE,alpha001,-0.02886880722063709,1218,2016-01-04,2020-12-31,0.02886880722063709
000928.SH,alpha054,0.028850363599779272,1218,2016-01-04,2020-12-31,0.028850363599779272
000510.CSI,alpha037,-0.028603679523210565,1218,2016-01-04,2020-12-31,0.028603679523210565
932000.CSI,alpha065,-0.028531315893835816,1218,2016-01-04,2020-12-31,0.028531315893835816
000300.SH,alpha038,0.028443871693480356,1206,2016-01-06,2020-12-31,0.028443871693480356
000300.SH,alpha098,0.028439796155035425,1146,2016-02-24,2020-12-31,0.028439796155035425
000928.SH,alpha053,-0.028422905989854724,1218,2016-01-04,2020-12-31,0.028422905989854724
930050.CSI,alpha062,0.028394246824260134,1218,2016-01-04,2020-12-31,0.028394246824260134
000906.SH,alpha036,-0.02836382113980104,1018,2016-01-04,2020-12-31,0.02836382113980104
000510.CSI,alpha101,0.028361751327538647,1218,2016-01-04,2020-12-31,0.028361751327538647
000140.SH,alpha053,0.02804641381005901,1218,2016-01-04,2020-12-31,0.02804641381005901
000906.SH,alpha052,0.028025066705554443,977,2016-01-04,2020-12-31,0.028025066705554443
932000.CSI,alpha019,0.027983305326071847,1152,2016-01-06,2020-09-24,0.027983305326071847
000928.SH,alpha052,-0.027764907473964588,1218,2016-01-04,2020-12-31,0.027764907473964588
931071.CSI,alpha066,-0.027686390263914663,1218,2016-01-04,2020-12-31,0.027686390263914663
000906.SH,alpha096,-0.027544780702494377,1218,2016-01-04,2020-12-31,0.027544780702494377
000905.SH,alpha025,-0.027534207163363137,1218,2016-01-04,2020-12-31,0.027534207163363137
930050.CSI,alpha005,-0.02747800425404227,1208,2016-01-04,2020-12-31,0.02747800425404227
Au9999.SGE,alpha057,0.027414031449482838,1218,2016-01-04,2020-12-31,0.027414031449482838
930050.CSI,alpha071,0.02730995590141943,1218,2016-01-04,2020-12-31,0.02730995590141943
000906.SH,alpha071,0.027049148604801804,1218,2016-01-04,2020-12-31,0.027049148604801804
000140.SH,alpha095,-0.027044489939036517,1218,2016-01-04,2020-12-31,0.027044489939036517
932000.CSI,alpha095,0.026993506039430706,1218,2016-01-04,2020-12-31,0.026993506039430706
000852.SH,alpha057,-0.026873945373400546,1187,2016-01-04,2020-12-31,0.026873945373400546
000510.CSI,alpha030,-0.026849998894778956,1218,2016-01-04,2020-12-31,0.026849998894778956
000906.SH,alpha019,-0.026726530812462887,965,2016-01-06,2020-12-31,0.026726530812462887
930050.CSI,alpha016,0.02662460464110265,1213,2016-01-04,2020-12-31,0.02662460464110265
000852.SH,alpha003,0.02659822229680071,1218,2016-01-04,2020-12-31,0.02659822229680071
000140.SH,alpha008,-0.026324296785440657,1218,2016-01-04,2020-12-31,0.026324296785440657
000852.SH,alpha061,0.026270029818745995,1218,2016-01-04,2020-12-31,0.026270029818745995
000852.SH,alpha064,0.026204704351529995,1218,2016-01-04,2020-12-31,0.026204704351529995
932000.CSI,alpha062,-0.026190874494272376,1218,2016-01-04,2020-12-31,0.026190874494272376
000300.SH,alpha022,0.026186242982924445,1186,2016-01-20,2020-12-31,0.026186242982924445
932000.CSI,alpha004,0.02616297102661877,1209,2016-01-04,2020-12-31,0.02616297102661877
Au9999.SGE,alpha055,0.026109501725661156,1218,2016-01-04,2020-12-31,0.026109501725661156
932000.CSI,alpha071,0.026079778657411897,1218,2016-01-04,2020-12-31,0.026079778657411897
000905.SH,alpha029,-0.026062368246853644,1218,2016-01-04,2020-12-31,0.026062368246853644
000905.SH,alpha098,0.026031941359388654,1218,2016-01-04,2020-12-31,0.026031941359388654
000510.CSI,alpha036,-0.026000067390514612,1218,2016-01-04,2020-12-31,0.026000067390514612
931071.CSI,alpha099,-0.025891714336772436,1218,2016-01-04,2020-12-31,0.025891714336772436
000300.SH,alpha018,-0.02572809846754369,1213,2016-01-04,2020-12-31,0.02572809846754369
000852.SH,alpha037,0.02571453611005527,1017,2016-01-04,2020-12-31,0.02571453611005527
000905.SH,alpha009,-0.025698363490483538,1218,2016-01-04,2020-12-31,0.025698363490483538
000852.SH,alpha028,-0.025607873102698377,1217,2016-01-04,2020-12-31,0.025607873102698377
931071.CSI,alpha033,0.025457128551752584,1218,2016-01-04,2020-12-31,0.025457128551752584
000140.SH,alpha088,-0.025349252276602206,1218,2016-01-04,2020-12-31,0.025349252276602206
000300.SH,alpha029,-0.025287758175037423,1202,2016-01-08,2020-12-31,0.025287758175037423
000852.SH,alpha006,0.02528603812906307,1218,2016-01-04,2020-12-31,0.02528603812906307
931071.CSI,alpha014,-0.025202399896380328,1218,2016-01-04,2020-12-31,0.025202399896380328
000928.SH,alpha006,-0.024778445692227185,1218,2016-01-04,2020-12-31,0.024778445692227185
000906.SH,alpha040,-0.02460951746062615,1208,2016-01-04,2020-12-31,0.02460951746062615
Au9999.SGE,alpha039,-0.024556017501688735,1014,2016-11-07,2020-12-31,0.024556017501688735
Au9999.SGE,alpha013,-0.02455370286350059,1218,2016-01-04,2020-12-31,0.02455370286350059
000140.SH,alpha043,0.02455365409389119,1218,2016-01-04,2020-12-31,0.02455365409389119
000140.SH,alpha001,-0.0243429229461786,1218,2016-01-04,2020-12-31,0.0243429229461786
000510.CSI,alpha032,0.02431325028991948,1218,2016-01-04,2020-12-31,0.02431325028991948
000852.SH,alpha099,-0.024299533981372533,1218,2016-01-04,2020-12-31,0.024299533981372533
000510.CSI,alpha013,0.024214715970435077,1218,2016-01-04,2020-12-31,0.024214715970435077
931071.CSI,alpha060,-0.024140200003812222,1218,2016-01-04,2020-12-31,0.024140200003812222
932000.CSI,alpha021,0.02411484678513858,1218,2016-01-04,2020-12-31,0.02411484678513858
932000.CSI,alpha030,0.024105205980495113,1214,2016-01-04,2020-12-31,0.024105205980495113
000852.SH,alpha078,-0.024070635077210495,1218,2016-01-04,2020-12-31,0.024070635077210495
930050.CSI,alpha006,-0.023940794372072714,1218,2016-01-04,2020-12-31,0.023940794372072714
Au9999.SGE,alpha099,0.02391826961677457,1218,2016-01-04,2020-12-31,0.02391826961677457
000300.SH,alpha023,-0.023864973733079643,1218,2016-01-04,2020-12-31,0.023864973733079643
Au9999.SGE,alpha078,-0.023804456158789507,1218,2016-01-04,2020-12-31,0.023804456158789507
000140.SH,alpha041,-0.023754120002350415,1218,2016-01-04,2020-12-31,0.023754120002350415
Au9999.SGE,alpha010,-0.023690515625535088,1218,2016-01-04,2020-12-31,0.023690515625535088
930050.CSI,alpha101,-0.023629543303332425,1217,2016-01-04,2020-12-31,0.023629543303332425
931071.CSI,alpha045,0.02361431954414321,1218,2016-01-04,2020-12-31,0.02361431954414321
000852.SH,alpha012,0.023612485938056434,1216,2016-01-04,2020-12-31,0.023612485938056434
930050.CSI,alpha021,-0.023552368779714204,1218,2016-01-04,2020-12-31,0.023552368779714204
000510.CSI,alpha018,-0.023513261415322534,1218,2016-01-04,2020-12-31,0.023513261415322534
000905.SH,alpha012,0.023444874027714266,1218,2016-01-04,2020-12-31,0.023444874027714266
000905.SH,alpha075,-0.023362733249480735,1218,2016-01-04,2020-12-31,0.023362733249480735
000300.SH,alpha055,0.023278606282465114,1218,2016-01-04,2020-12-31,0.023278606282465114
000906.SH,alpha088,-0.023265972055132648,1210,2016-01-04,2020-12-31,0.023265972055132648
000852.SH,alpha054,0.023237533334184005,1218,2016-01-04,2020-12-31,0.023237533334184005
Au9999.SGE,alpha041,0.023228654037435913,1218,2016-01-04,2020-12-31,0.023228654037435913
000906.SH,alpha018,0.023206655405740427,1213,2016-01-04,2020-12-31,0.023206655405740427
000928.SH,alpha050,0.023158424305987624,1218,2016-01-04,2020-12-31,0.023158424305987624
000510.CSI,alpha003,-0.02304042830704825,1218,2016-01-04,2020-12-31,0.02304042830704825
000928.SH,alpha057,-0.02300935767766948,1218,2016-01-04,2020-12-31,0.02300935767766948
930050.CSI,alpha035,0.02299474040696689,1185,2016-01-04,2020-12-31,0.02299474040696689
000905.SH,alpha007,-0.022950990550461337,1218,2016-01-04,2020-12-31,0.022950990550461337
000906.SH,alpha072,0.022910103015047232,1160,2016-01-05,2020-12-31,0.022910103015047232
000928.SH,alpha022,0.022907928238150216,1218,2016-01-04,2020-12-31,0.022907928238150216
932000.CSI,alpha026,-0.022907210033817862,1218,2016-01-04,2020-12-31,0.022907210033817862
930050.CSI,alpha012,0.022807037565611275,1216,2016-01-04,2020-12-31,0.022807037565611275
930050.CSI,alpha040,-0.022499886350595567,1208,2016-01-04,2020-12-31,0.022499886350595567
930050.CSI,alpha073,0.022363924035772774,1197,2016-01-04,2020-12-31,0.022363924035772774
000852.SH,alpha024,-0.022272078374552026,1118,2016-01-04,2020-12-31,0.022272078374552026
000300.SH,alpha031,-0.022271911217761543,1186,2016-01-20,2020-12-31,0.022271911217761543
000928.SH,alpha096,0.022256038810724285,1218,2016-01-04,2020-12-31,0.022256038810724285
931071.CSI,alpha078,0.02223021849533542,1218,2016-01-04,2020-12-31,0.02223021849533542
Au9999.SGE,alpha014,0.022112578187644477,1218,2016-01-04,2020-12-31,0.022112578187644477
000140.SH,alpha092,0.02211228928139283,1218,2016-01-04,2020-12-31,0.02211228928139283
000905.SH,alpha045,0.02210125060231987,1218,2016-01-04,2020-12-31,0.02210125060231987
000928.SH,alpha011,-0.02203159257521815,1218,2016-01-04,2020-12-31,0.02203159257521815
932000.CSI,alpha043,0.021895697452986477,1203,2016-01-04,2020-12-31,0.021895697452986477
000510.CSI,alpha029,-0.02173774434275086,1218,2016-01-04,2020-12-31,0.02173774434275086
000906.SH,alpha065,0.021581406916407444,1218,2016-01-04,2020-12-31,0.021581406916407444
000852.SH,alpha060,0.021552626011933567,1208,2016-01-04,2020-12-31,0.021552626011933567
931071.CSI,alpha039,0.021282683985473397,1216,2016-01-06,2020-12-31,0.021282683985473397
000510.CSI,alpha019,0.02124428507209743,1216,2016-01-06,2020-12-31,0.02124428507209743
Au9999.SGE,alpha074,0.021136849647699088,1218,2016-01-04,2020-12-31,0.021136849647699088
930050.CSI,alpha027,0.021130980079775,1218,2016-01-04,2020-12-31,0.021130980079775
000928.SH,alpha078,-0.021118448476133804,1218,2016-01-04,2020-12-31,0.021118448476133804
000300.SH,alpha060,0.021047350888751797,1206,2016-01-06,2020-12-31,0.021047350888751797
000300.SH,alpha004,0.020997824946620638,1208,2016-01-05,2020-12-31,0.020997824946620638
000300.SH,alpha010,0.020970108592641708,1216,2016-01-04,2020-12-31,0.020970108592641708
000140.SH,alpha034,-0.02096282567978559,1218,2016-01-04,2020-12-31,0.02096282567978559
000906.SH,alpha085,0.02095232003549314,1218,2016-01-04,2020-12-31,0.02095232003549314
000852.SH,alpha021,-0.020949042416331123,1218,2016-01-04,2020-12-31,0.020949042416331123
930050.CSI,alpha037,-0.02088986589904789,1017,2016-01-04,2020-12-31,0.02088986589904789
000852.SH,alpha034,-0.020877844415867305,1216,2016-01-04,2020-12-31,0.020877844415867305
931071.CSI,alpha085,0.020810168657520684,1218,2016-01-04,2020-12-31,0.020810168657520684
000905.SH,alpha011,0.020753607980376208,1218,2016-01-04,2020-12-31,0.020753607980376208
930050.CSI,alpha081,0.020627205342608163,1218,2016-01-04,2020-12-31,0.020627205342608163
000852.SH,alpha055,-0.020612434149502232,1218,2016-01-04,2020-12-31,0.020612434149502232
000300.SH,alpha001,0.020545116569571115,1176,2016-01-27,2020-12-31,0.020545116569571115
932000.CSI,alpha075,0.020494945664242703,1218,2016-01-04,2020-12-31,0.020494945664242703
000140.SH,alpha037,0.020431849170513522,1218,2016-01-04,2020-12-31,0.020431849170513522
Au9999.SGE,alpha060,0.020367740729935805,1218,2016-01-04,2020-12-31,0.020367740729935805
932000.CSI,alpha005,0.020328668545294998,1208,2016-01-04,2020-12-31,0.020328668545294998
000140.SH,alpha049,-0.020288694189215407,1218,2016-01-04,2020-12-31,0.020288694189215407
000140.SH,alpha051,-0.020288694189215407,1218,2016-01-04,2020-12-31,0.020288694189215407
000905.SH,alpha071,0.020256155163261413,1218,2016-01-04,2020-12-31,0.020256155163261413
000852.SH,alpha043,-0.020199811176846803,1203,2016-01-04,2020-12-31,0.020199811176846803
000510.CSI,alpha077,-0.020152780276993847,1218,2016-01-04,2020-12-31,0.020152780276993847
Au9999.SGE,alpha071,-0.020094575590921336,1218,2016-01-04,2020-12-31,0.020094575590921336
000905.SH,alpha034,0.020093257665186548,1218,2016-01-04,2020-12-31,0.020093257665186548
000906.SH,alpha031,0.02008167339758886,1198,2016-01-04,2020-12-31,0.02008167339758886
000300.SH,alpha101,0.020034691057823347,1217,2016-01-04,2020-12-31,0.020034691057823347
932000.CSI,alpha014,-0.02002533301402633,1214,2016-01-04,2020-12-31,0.02002533301402633
Au9999.SGE,alpha092,0.019993373654591886,1218,2016-01-04,2020-12-31,0.019993373654591886
Au9999.SGE,alpha016,-0.019957627527237794,1218,2016-01-04,2020-12-31,0.019957627527237794
931071.CSI,alpha101,-0.019805554191917436,1218,2016-01-04,2020-12-31,0.019805554191917436
932000.CSI,alpha061,0.01977713857668734,1218,2016-01-04,2020-12-31,0.01977713857668734
931071.CSI,alpha012,0.019740929633520584,1218,2016-01-04,2020-12-31,0.019740929633520584
930050.CSI,alpha049,-0.019697704356488016,1216,2016-01-04,2020-12-31,0.019697704356488016
930050.CSI,alpha051,-0.019697704356488016,1216,2016-01-04,2020-12-31,0.019697704356488016
000906.SH,alpha092,-0.01960008870809888,1218,2016-01-04,2020-12-31,0.01960008870809888
000300.SH,alpha072,0.01942545695012588,1106,2016-03-18,2020-12-31,0.01942545695012588
000905.SH,alpha040,-0.019263415000524198,1218,2016-01-04,2020-12-31,0.019263415000524198
000906.SH,alpha099,0.019244124517510786,1218,2016-01-04,2020-12-31,0.019244124517510786
Au9999.SGE,alpha036,0.01922136913804177,1065,2016-08-17,2020-12-31,0.01922136913804177
931071.CSI,alpha057,0.01918410704748687,1218,2016-01-04,2020-12-31,0.01918410704748687
000928.SH,alpha044,-0.019176124451644395,1218,2016-01-04,2020-12-31,0.019176124451644395
932000.CSI,alpha038,0.019172998750082056,1208,2016-01-04,2020-12-31,0.019172998750082056
000510.CSI,alpha021,-0.019145216866197134,1218,2016-01-04,2020-12-31,0.019145216866197134
000140.SH,alpha030,-0.019120279486220606,1218,2016-01-04,2020-12-31,0.019120279486220606
000905.SH,alpha003,0.01902131073019463,1218,2016-01-04,2020-12-31,0.01902131073019463
000510.CSI,alpha073,0.018988282482928748,1218,2016-01-04,2020-12-31,0.018988282482928748
000906.SH,alpha050,-0.018958185407727486,1218,2016-01-04,2020-12-31,0.018958185407727486
000300.SH,alpha094,-0.01891860768824584,1218,2016-01-04,2020-12-31,0.01891860768824584
000928.SH,alpha084,0.018914388023950495,1218,2016-01-04,2020-12-31,0.018914388023950495
000906.SH,alpha081,0.01891386410744303,1218,2016-01-04,2020-12-31,0.01891386410744303
931071.CSI,alpha026,-0.018910293489533044,1218,2016-01-04,2020-12-31,0.018910293489533044
000140.SH,alpha029,0.01876747038039934,1218,2016-01-04,2020-12-31,0.01876747038039934
Au9999.SGE,alpha020,0.01871453725806348,1218,2016-01-04,2020-12-31,0.01871453725806348
000852.SH,alpha030,-0.018693697184265213,1214,2016-01-04,2020-12-31,0.018693697184265213
Au9999.SGE,alpha022,0.018687267449401402,1218,2016-01-04,2020-12-31,0.018687267449401402
000928.SH,alpha004,-0.01867527661330286,1218,2016-01-04,2020-12-31,0.01867527661330286
932000.CSI,alpha049,0.018635822498351006,1216,2016-01-04,2020-12-31,0.018635822498351006
932000.CSI,alpha051,0.018635822498351006,1216,2016-01-04,2020-12-31,0.018635822498351006
931071.CSI,alpha011,-0.018617600836469368,1218,2016-01-04,2020-12-31,0.018617600836469368
000300.SH,alpha012,0.018511243948759262,1216,2016-01-04,2020-12-31,0.018511243948759262
930050.CSI,alpha075,-0.01829662798823132,1218,2016-01-04,2020-12-31,0.01829662798823132
000300.SH,alpha035,0.01828922867749527,1160,2016-02-15,2020-12-31,0.01828922867749527
000905.SH,alpha066,-0.01826890116496497,1218,2016-01-04,2020-12-31,0.01826890116496497
000140.SH,alpha007,0.01825781247203301,1218,2016-01-04,2020-12-31,0.01825781247203301
000300.SH,alpha045,-0.018202060045252898,1181,2016-01-27,2020-12-31,0.018202060045252898
000140.SH,alpha096,-0.01818034690646706,1218,2016-01-04,2020-12-31,0.01818034690646706
931071.CSI,alpha023,0.018155297166552887,1218,2016-01-04,2020-12-31,0.018155297166552887
000928.SH,alpha066,-0.018043626591252727,1218,2016-01-04,2020-12-31,0.018043626591252727
000852.SH,alpha071,-0.01804092942212216,1218,2016-01-04,2020-12-31,0.01804092942212216
000906.SH,alpha026,-0.01803737244232089,1218,2016-01-04,2020-12-31,0.01803737244232089
000852.SH,alpha042,-0.018001756919614042,1217,2016-01-04,2020-12-31,0.018001756919614042
932000.CSI,alpha085,-0.017935839450250023,1218,2016-01-04,2020-12-31,0.017935839450250023
Au9999.SGE,alpha018,-0.0178931812762553,1218,2016-01-04,2020-12-31,0.0178931812762553
932000.CSI,alpha094,0.017892422108067397,1218,2016-01-04,2020-12-31,0.017892422108067397
Au9999.SGE,alpha045,0.01776266608484803,1218,2016-01-04,2020-12-31,0.01776266608484803
000928.SH,alpha017,0.017752584316225617,1218,2016-01-04,2020-12-31,0.017752584316225617
000905.SH,alpha019,0.01772076971016332,1216,2016-01-06,2020-12-31,0.01772076971016332
932000.CSI,alpha045,0.01768918126946876,1198,2016-01-04,2020-12-31,0.01768918126946876
932000.CSI,alpha028,-0.017588014268948092,1217,2016-01-04,2020-12-31,0.017588014268948092
000906.SH,alpha006,-0.0175194616877248,1218,2016-01-04,2020-12-31,0.0175194616877248
000852.SH,alpha019,0.01747239281647578,965,2016-01-06,2020-12-31,0.01747239281647578
000510.CSI,alpha011,-0.017453653938084113,1218,2016-01-04,2020-12-31,0.017453653938084113
931071.CSI,alpha016,-0.017361060464627206,1218,2016-01-04,2020-12-31,0.017361060464627206
Au9999.SGE,alpha046,0.01724170888911943,1218,2016-01-04,2020-12-31,0.01724170888911943
000852.SH,alpha022,0.017204722106421304,1198,2016-01-04,2020-12-31,0.017204722106421304
931071.CSI,alpha008,-0.01719256301817828,1218,2016-01-04,2020-12-31,0.01719256301817828
000300.SH,alpha085,0.017191744892553786,1218,2016-01-04,2020-12-31,0.017191744892553786
931071.CSI,alpha015,-0.01715658326880907,1218,2016-01-04,2020-12-31,0.01715658326880907
932000.CSI,alpha035,-0.01715361731788071,1185,2016-01-04,2020-12-31,0.01715361731788071
000928.SH,alpha019,-0.017147392239599733,1216,2016-01-06,2020-12-31,0.017147392239599733
931071.CSI,alpha031,0.017128836720467236,1218,2016-01-04,2020-12-31,0.017128836720467236
930050.CSI,alpha098,0.01703087975773929,1178,2016-01-04,2020-12-31,0.01703087975773929
000510.CSI,alpha045,0.017018196274326557,1218,2016-01-04,2020-12-31,0.017018196274326557
932000.CSI,alpha054,0.017004756273761627,1218,2016-01-04,2020-12-31,0.017004756273761627
000852.SH,alpha072,-0.016979578397676724,1154,2016-01-05,2020-12-31,0.016979578397676724
932000.CSI,alpha055,0.01683225515179976,1218,2016-01-04,2020-12-31,0.01683225515179976
930050.CSI,alpha025,-0.01680367363199565,1198,2016-01-04,2020-12-31,0.01680367363199565
930050.CSI,alpha013,0.016797641009350453,1213,2016-01-04,2020-12-31,0.016797641009350453
000300.SH,alpha062,-0.01675375087880417,1218,2016-01-04,2020-12-31,0.01675375087880417
000852.SH,alpha007,-0.016657900299838792,1151,2016-01-04,2020-12-31,0.016657900299838792
000852.SH,alpha014,0.01661783345427516,1214,2016-01-04,2020-12-31,0.01661783345427516
000300.SH,alpha024,-0.016554860152405277,1026,2016-05-20,2020-12-31,0.016554860152405277
931071.CSI,alpha018,0.016524897925811823,1218,2016-01-04,2020-12-31,0.016524897925811823
930050.CSI,alpha014,-0.016345520949661508,1214,2016-01-04,2020-12-31,0.016345520949661508
000300.SH,alpha064,0.016309352038520387,1218,2016-01-04,2020-12-31,0.016309352038520387
932000.CSI,alpha031,-0.016275852801729163,1198,2016-01-04,2020-12-31,0.016275852801729163
930050.CSI,alpha053,-0.01619377442795755,1216,2016-01-04,2020-12-31,0.01619377442795755
000510.CSI,alpha081,0.016190390006673026,1218,2016-01-04,2020-12-31,0.016190390006673026
000906.SH,alpha027,-0.016175849779478686,1218,2016-01-04,2020-12-31,0.016175849779478686
000905.SH,alpha052,0.016162838324365398,1218,2016-01-04,2020-12-31,0.016162838324365398
Au9999.SGE,alpha012,0.016135347028871594,1218,2016-01-04,2020-12-31,0.016135347028871594
000906.SH,alpha004,0.016130945559801758,1209,2016-01-04,2020-12-31,0.016130945559801758
000510.CSI,alpha002,-0.016120603557242347,1218,2016-01-04,2020-12-31,0.016120603557242347
931071.CSI,alpha040,-0.016070629025132222,1218,2016-01-04,2020-12-31,0.016070629025132222
000852.SH,alpha040,0.016034355054299773,1208,2016-01-04,2020-12-31,0.016034355054299773
000852.SH,alpha101,0.015998497912957727,1217,2016-01-04,2020-12-31,0.015998497912957727
000906.SH,alpha024,-0.015852800658921015,1118,2016-01-04,2020-12-31,0.015852800658921015
932000.CSI,alpha006,0.01568150169696761,1218,2016-01-04,2020-12-31,0.01568150169696761
Au9999.SGE,alpha037,-0.01563149360912165,1064,2016-08-18,2020-12-31,0.01563149360912165
000906.SH,alpha042,0.015576661673443272,1217,2016-01-04,2020-12-31,0.015576661673443272
000928.SH,alpha081,0.015521282760818505,1218,2016-01-04,2020-12-31,0.015521282760818505
000928.SH,alpha043,-0.015500643119608496,1218,2016-01-04,2020-12-31,0.015500643119608496
000300.SH,alpha095,-0.01546542148155073,1218,2016-01-04,2020-12-31,0.01546542148155073
000905.SH,alpha094,-0.015353421121420399,1218,2016-01-04,2020-12-31,0.015353421121420399
932000.CSI,alpha012,0.015334165704287802,1216,2016-01-04,2020-12-31,0.015334165704287802
000905.SH,alpha043,0.015260318677313157,1218,2016-01-04,2020-12-31,0.015260318677313157
000300.SH,alpha088,-0.01523766588954999,1210,2016-01-04,2020-12-31,0.01523766588954999
000852.SH,alpha050,-0.015174293340758597,1218,2016-01-04,2020-12-31,0.015174293340758597
000852.SH,alpha073,-0.0151645848576785,1197,2016-01-04,2020-12-31,0.0151645848576785
000300.SH,alpha006,0.015163874435887764,1218,2016-01-04,2020-12-31,0.015163874435887764
930050.CSI,alpha008,-0.015125993124083695,1206,2016-01-04,2020-12-31,0.015125993124083695
000510.CSI,alpha008,0.015073910251285313,1218,2016-01-04,2020-12-31,0.015073910251285313
932000.CSI,alpha046,0.015046913693510829,1216,2016-01-04,2020-12-31,0.015046913693510829
932000.CSI,alpha098,-0.01501863435905078,1178,2016-01-04,2020-12-31,0.01501863435905078
931071.CSI,alpha035,0.014999101252570625,1218,2016-01-04,2020-12-31,0.014999101252570625
932000.CSI,alpha009,-0.014980921940262565,1216,2016-01-04,2020-12-31,0.014980921940262565
000905.SH,alpha078,0.014910560460336371,1218,2016-01-04,2020-12-31,0.014910560460336371
000852.SH,alpha027,-0.014870209941837794,1218,2016-01-04,2020-12-31,0.014870209941837794
930050.CSI,alpha072,-0.014869764162956526,1150,2016-01-05,2020-12-31,0.014869764162956526
931071.CSI,alpha001,0.014783342331123477,1218,2016-01-04,2020-12-31,0.014783342331123477
000510.CSI,alpha052,0.014738844622623573,1218,2016-01-04,2020-12-31,0.014738844622623573
Au9999.SGE,alpha033,-0.014663549461216941,1218,2016-01-04,2020-12-31,0.014663549461216941
000510.CSI,alpha040,-0.014555044877878221,1218,2016-01-04,2020-12-31,0.014555044877878221
Au9999.SGE,alpha009,-0.014528341518466242,1218,2016-01-04,2020-12-31,0.014528341518466242
930050.CSI,alpha042,-0.014413820313918798,1217,2016-01-04,2020-12-31,0.014413820313918798
932000.CSI,alpha016,0.014399765333561774,1213,2016-01-04,2020-12-31,0.014399765333561774
000906.SH,alpha005,0.014381518832560542,1208,2016-01-04,2020-12-31,0.014381518832560542
000928.SH,alpha033,0.01435132402940761,1218,2016-01-04,2020-12-31,0.01435132402940761
000906.SH,alpha066,0.014349192826349362,1207,2016-01-04,2020-12-31,0.014349192826349362
000906.SH,alpha060,-0.014266294706933823,1208,2016-01-04,2020-12-31,0.014266294706933823
931071.CSI,alpha072,-0.014262760135237395,1217,2016-01-05,2020-12-31,0.014262760135237395
Au9999.SGE,alpha098,0.014227924841241846,1218,2016-01-04,2020-12-31,0.014227924841241846
Au9999.SGE,alpha072,-0.01419851876122445,1205,2016-01-18,2020-12-31,0.01419851876122445
000510.CSI,alpha031,-0.014151857885293846,1218,2016-01-04,2020-12-31,0.014151857885293846
000852.SH,alpha066,0.014132788132625494,1207,2016-01-04,2020-12-31,0.014132788132625494
000906.SH,alpha023,0.014117977749138446,1218,2016-01-04,2020-12-31,0.014117977749138446
Au9999.SGE,alpha062,-0.014114236473511132,1218,2016-01-04,2020-12-31,0.014114236473511132
932000.CSI,alpha057,0.0140276898645737,1187,2016-01-04,2020-12-31,0.0140276898645737
000852.SH,alpha046,0.013943159085775224,1216,2016-01-04,2020-12-31,0.013943159085775224
000905.SH,alpha074,-0.013893192485660434,1218,2016-01-04,2020-12-31,0.013893192485660434
000140.SH,alpha017,-0.013861884498827134,1218,2016-01-04,2020-12-31,0.013861884498827134
931071.CSI,alpha054,-0.013851624175131992,1218,2016-01-04,2020-12-31,0.013851624175131992
000140.SH,alpha073,0.013809795042878405,1218,2016-01-04,2020-12-31,0.013809795042878405
000510.CSI,alpha017,-0.013794986714753344,1218,2016-01-04,2020-12-31,0.013794986714753344
931071.CSI,alpha005,-0.013744343678114817,1218,2016-01-04,2020-12-31,0.013744343678114817
932000.CSI,alpha011,0.013737571846103459,1214,2016-01-04,2020-12-31,0.013737571846103459
931071.CSI,alpha098,0.01370479120137189,1218,2016-01-04,2020-12-31,0.01370479120137189
000300.SH,alpha057,-0.013681259509476958,1164,2016-02-04,2020-12-31,0.013681259509476958
Au9999.SGE,alpha101,0.013655163715790777,1218,2016-01-04,2020-12-31,0.013655163715790777
000510.CSI,alpha096,0.013516932361497033,1218,2016-01-04,2020-12-31,0.013516932361497033
000852.SH,alpha015,0.013508873553224072,1218,2016-01-04,2020-12-31,0.013508873553224072
000905.SH,alpha042,0.013325357221795042,1218,2016-01-04,2020-12-31,0.013325357221795042
000852.SH,alpha026,0.013179257067648893,1218,2016-01-04,2020-12-31,0.013179257067648893
000852.SH,alpha038,0.013156243214435466,1208,2016-01-04,2020-12-31,0.013156243214435466
930050.CSI,alpha029,-0.013084203437563688,1206,2016-01-04,2020-12-31,0.013084203437563688
000928.SH,alpha042,-0.013083191106168013,1218,2016-01-04,2020-12-31,0.013083191106168013
932000.CSI,alpha017,-0.013046116776380519,1208,2016-01-04,2020-12-31,0.013046116776380519
000300.SH,alpha066,-0.0130121818820299,1204,2016-01-07,2020-12-31,0.0130121818820299
932000.CSI,alpha029,-0.013010934229194481,1206,2016-01-04,2020-12-31,0.013010934229194481
000510.CSI,alpha023,-0.012981041215535031,1218,2016-01-04,2020-12-31,0.012981041215535031
930050.CSI,alpha011,-0.012980870285552745,1214,2016-01-04,2020-12-31,0.012980870285552745
000905.SH,alpha037,0.012945713742782678,1218,2016-01-04,2020-12-31,0.012945713742782678
000852.SH,alpha017,0.012829355112364273,1208,2016-01-04,2020-12-31,0.012829355112364273
930050.CSI,alpha020,-0.012818889836558314,1216,2016-01-04,2020-12-31,0.012818889836558314
000300.SH,alpha050,-0.012789669599037178,1218,2016-01-04,2020-12-31,0.012789669599037178
000852.SH,alpha051,-0.01278446318140543,1216,2016-01-04,2020-12-31,0.01278446318140543
000852.SH,alpha049,-0.01278446318140543,1216,2016-01-04,2020-12-31,0.01278446318140543
000300.SH,alpha033,-0.01273569979804526,1217,2016-01-04,2020-12-31,0.01273569979804526
000906.SH,alpha012,0.012726732989386334,1216,2016-01-04,2020-12-31,0.012726732989386334
000928.SH,alpha098,-0.012705462502732408,1218,2016-01-04,2020-12-31,0.012705462502732408
930050.CSI,alpha001,-0.012691584237169337,1193,2016-01-04,2020-12-31,0.012691584237169337
000510.CSI,alpha071,0.01268319435169943,1218,2016-01-04,2020-12-31,0.01268319435169943
000300.SH,alpha008,0.012678017764106713,1200,2016-01-04,2020-12-31,0.012678017764106713
000906.SH,alpha010,0.012521743622271233,1216,2016-01-04,2020-12-31,0.012521743622271233
000140.SH,alpha066,0.012481659371298448,1218,2016-01-04,2020-12-31,0.012481659371298448
932000.CSI,alpha060,0.012476613166203363,1208,2016-01-04,2020-12-31,0.012476613166203363
Au9999.SGE,alpha026,-0.012428829054648684,1218,2016-01-04,2020-12-31,0.012428829054648684
000905.SH,alpha073,-0.012397529366394084,1218,2016-01-04,2020-12-31,0.012397529366394084
000852.SH,alpha008,-0.01235554483855463,1206,2016-01-04,2020-12-31,0.01235554483855463
932000.CSI,alpha096,0.012295652202312103,1218,2016-01-04,2020-12-31,0.012295652202312103
000510.CSI,alpha047,0.012291215230644107,1218,2016-01-04,2020-12-31,0.012291215230644107
000906.SH,alpha047,0.012279653635892545,1218,2016-01-04,2020-12-31,0.012279653635892545
000510.CSI,alpha043,0.012269186449479162,1218,2016-01-04,2020-12-31,0.012269186449479162
000852.SH,alpha023,-0.012129780663280432,1218,2016-01-04,2020-12-31,0.012129780663280432
931071.CSI,alpha047,0.012090979584016372,1218,2016-01-04,2020-12-31,0.012090979584016372
000906.SH,alpha041,-0.01205865737605852,1218,2016-01-04,2020-12-31,0.01205865737605852
000905.SH,alpha047,-0.011990393563525386,1218,2016-01-04,2020-12-31,0.011990393563525386
931071.CSI,alpha075,-0.011968140288100233,1218,2016-01-04,2020-12-31,0.011968140288100233
000905.SH,alpha101,-0.011948481614805025,1218,2016-01-04,2020-12-31,0.011948481614805025
000905.SH,alpha020,0.011913488387847218,1218,2016-01-04,2020-12-31,0.011913488387847218
931071.CSI,alpha037,0.011900469650203284,1218,2016-01-04,2020-12-31,0.011900469650203284
000300.SH,alpha046,-0.011840163270969485,1216,2016-01-04,2020-12-31,0.011840163270969485
000140.SH,alpha045,0.011835748737199428,1218,2016-01-04,2020-12-31,0.011835748737199428
Au9999.SGE,alpha050,0.011725090731395684,1218,2016-01-04,2020-12-31,0.011725090731395684
000905.SH,alpha026,-0.0116925314363694,1218,2016-01-04,2020-12-31,0.0116925314363694
000928.SH,alpha007,-0.011633507427883764,1218,2016-01-04,2020-12-31,0.011633507427883764
000928.SH,alpha036,0.011586692435732546,1218,2016-01-04,2020-12-31,0.011586692435732546
000510.CSI,alpha061,0.011464588135399103,1218,2016-01-04,2020-12-31,0.011464588135399103
000140.SH,alpha024,-0.01124454021705332,1218,2016-01-04,2020-12-31,0.01124454021705332
000928.SH,alpha047,0.011145978371037025,1218,2016-01-04,2020-12-31,0.011145978371037025
931071.CSI,alpha002,0.011123146416693291,1218,2016-01-04,2020-12-31,0.011123146416693291
930050.CSI,alpha003,0.011115053985516375,1218,2016-01-04,2020-12-31,0.011115053985516375
000905.SH,alpha060,-0.011084762241899745,1218,2016-01-04,2020-12-31,0.011084762241899745
000510.CSI,alpha005,0.011074723878124868,1218,2016-01-04,2020-12-31,0.011074723878124868
000140.SH,alpha085,0.011057462509668775,1218,2016-01-04,2020-12-31,0.011057462509668775
932000.CSI,alpha037,0.010845535486161371,1154,2016-01-04,2020-09-24,0.010845535486161371
000300.SH,alpha011,-0.010831434061293862,1214,2016-01-04,2020-12-31,0.010831434061293862
000905.SH,alpha088,-0.010795302776592509,1218,2016-01-04,2020-12-31,0.010795302776592509
930050.CSI,alpha083,0.010721037571815134,1211,2016-01-04,2020-12-31,0.010721037571815134
930050.CSI,alpha052,-0.010710005152932809,977,2016-01-04,2020-12-31,0.010710005152932809
000510.CSI,alpha075,0.01070844155191621,1218,2016-01-04,2020-12-31,0.01070844155191621
000300.SH,alpha074,-0.010622933945422424,1218,2016-01-04,2020-12-31,0.010622933945422424
000852.SH,alpha053,0.010576971438761087,1216,2016-01-04,2020-12-31,0.010576971438761087
931071.CSI,alpha036,0.010551810657549236,1218,2016-01-04,2020-12-31,0.010551810657549236
000906.SH,alpha061,-0.010548995815414191,1218,2016-01-04,2020-12-31,0.010548995815414191
931071.CSI,alpha025,-0.01047991721433086,1218,2016-01-04,2020-12-31,0.01047991721433086
932000.CSI,alpha001,-0.01045207948145864,1193,2016-01-04,2020-12-31,0.01045207948145864
000510.CSI,alpha007,-0.010452012977883429,1218,2016-01-04,2020-12-31,0.010452012977883429
Au9999.SGE,alpha003,0.010416335182630937,1218,2016-01-04,2020-12-31,0.010416335182630937
000510.CSI,alpha025,0.01037293927404682,1218,2016-01-04,2020-12-31,0.01037293927404682
Au9999.SGE,alpha075,0.010352616923129224,1218,2016-01-04,2020-12-31,0.010352616923129224
930050.CSI,alpha060,-0.010339926930676244,1208,2016-01-04,2020-12-31,0.010339926930676244
000906.SH,alpha016,0.01029931977564629,1213,2016-01-04,2020-12-31,0.01029931977564629
000928.SH,alpha029,-0.010254231788074863,1218,2016-01-04,2020-12-31,0.010254231788074863
000852.SH,alpha092,-0.010204349667464167,1218,2016-01-04,2020-12-31,0.010204349667464167
000852.SH,alpha081,-0.0101584845455047,1218,2016-01-04,2020-12-31,0.0101584845455047
000510.CSI,alpha024,-0.010146607406841316,1218,2016-01-04,2020-12-31,0.010146607406841316
000852.SH,alpha075,0.009947526365344217,1218,2016-01-04,2020-12-31,0.009947526365344217
000510.CSI,alpha012,0.009945806409007068,1218,2016-01-04,2020-12-31,0.009945806409007068
931071.CSI,alpha052,0.009914447851027458,1218,2016-01-04,2020-12-31,0.009914447851027458
000928.SH,alpha049,0.0098722858289532,1218,2016-01-04,2020-12-31,0.0098722858289532
000928.SH,alpha051,0.0098722858289532,1218,2016-01-04,2020-12-31,0.0098722858289532
000300.SH,alpha016,0.009861391071187978,1213,2016-01-04,2020-12-31,0.009861391071187978
932000.CSI,alpha027,-0.009740328706612839,1218,2016-01-04,2020-12-31,0.009740328706612839
000905.SH,alpha005,0.009734688679127877,1218,2016-01-04,2020-12-31,0.009734688679127877
000300.SH,alpha065,-0.009728318218868425,1218,2016-01-04,2020-12-31,0.009728318218868425
000510.CSI,alpha015,0.009720222982376394,1218,2016-01-04,2020-12-31,0.009720222982376394
000300.SH,alpha005,0.009717459116347823,1206,2016-01-06,2020-12-31,0.009717459116347823
000905.SH,alpha014,0.00970593667611928,1218,2016-01-04,2020-12-31,0.00970593667611928
000510.CSI,alpha050,0.00970518571704666,1218,2016-01-04,2020-12-31,0.00970518571704666
931071.CSI,alpha007,-0.009656739242423773,1218,2016-01-04,2020-12-31,0.009656739242423773
931071.CSI,alpha013,-0.009579455867296782,1218,2016-01-04,2020-12-31,0.009579455867296782
000906.SH,alpha021,-0.00957893924461243,1218,2016-01-04,2020-12-31,0.00957893924461243
931071.CSI,alpha028,0.0094983493376466,1218,2016-01-04,2020-12-31,0.0094983493376466
Au9999.SGE,alpha030,0.009496953731192786,1218,2016-01-04,2020-12-31,0.009496953731192786
000905.SH,alpha002,0.00949662603663712,1218,2016-01-04,2020-12-31,0.00949662603663712
000928.SH,alpha085,-0.009479157121007506,1218,2016-01-04,2020-12-31,0.009479157121007506
000140.SH,alpha062,-0.009471707545146436,1218,2016-01-04,2020-12-31,0.009471707545146436
931071.CSI,alpha024,-0.0094658006454759,1218,2016-01-04,2020-12-31,0.0094658006454759
932000.CSI,alpha078,-0.009462457980834508,1218,2016-01-04,2020-12-31,0.009462457980834508
000140.SH,alpha025,-0.009369669088607835,1218,2016-01-04,2020-12-31,0.009369669088607835
000928.SH,alpha030,-0.009272290157658918,1218,2016-01-04,2020-12-31,0.009272290157658918
000905.SH,alpha028,0.009223467786468577,1218,2016-01-04,2020-12-31,0.009223467786468577
000510.CSI,alpha099,-0.009205185876484917,1218,2016-01-04,2020-12-31,0.009205185876484917
000905.SH,alpha085,0.009116443336686939,1218,2016-01-04,2020-12-31,0.009116443336686939
932000.CSI,alpha036,-0.00909192294562872,1154,2016-01-04,2020-09-24,0.00909192294562872
Au9999.SGE,alpha011,0.009034358404708807,1218,2016-01-04,2020-12-31,0.009034358404708807
932000.CSI,alpha020,-0.00901513773566783,1216,2016-01-04,2020-12-31,0.00901513773566783
000906.SH,alpha045,0.008980256384908453,1198,2016-01-04,2020-12-31,0.008980256384908453
000928.SH,alpha034,-0.008978149465687538,1218,2016-01-04,2020-12-31,0.008978149465687538
930050.CSI,alpha022,-0.008945426190004916,1198,2016-01-04,2020-12-31,0.008945426190004916
000928.SH,alpha023,-0.00886477790328418,1218,2016-01-04,2020-12-31,0.00886477790328418
000510.CSI,alpha083,0.00878763266387767,1218,2016-01-04,2020-12-31,0.00878763266387767
000140.SH,alpha077,0.008781220527344653,1218,2016-01-04,2020-12-31,0.008781220527344653
931071.CSI,alpha083,-0.008774323910077068,1218,2016-01-04,2020-12-31,0.008774323910077068
932000.CSI,alpha008,-0.008703912283808726,1206,2016-01-04,2020-12-31,0.008703912283808726
000300.SH,alpha099,-0.008656893738875722,1218,2016-01-04,2020-12-31,0.008656893738875722
000905.SH,alpha033,0.008625691549328717,1218,2016-01-04,2020-12-31,0.008625691549328717
Au9999.SGE,alpha006,-0.008585039713697886,1218,2016-01-04,2020-12-31,0.008585039713697886
000928.SH,alpha073,0.008489818117942275,1218,2016-01-04,2020-12-31,0.008489818117942275
000928.SH,alpha026,0.008479994195480471,1218,2016-01-04,2020-12-31,0.008479994195480471
931071.CSI,alpha051,-0.008428781623951517,1218,2016-01-04,2020-12-31,0.008428781623951517
931071.CSI,alpha049,-0.008428781623951517,1218,2016-01-04,2020-12-31,0.008428781623951517
000300.SH,alpha078,-0.008346415685965254,1218,2016-01-04,2020-12-31,0.008346415685965254
Au9999.SGE,alpha065,0.008330034857287378,1218,2016-01-04,2020-12-31,0.008330034857287378
000300.SH,alpha002,-0.008322870715279733,1218,2016-01-04,2020-12-31,0.008322870715279733
000510.CSI,alpha022,0.008290911984977419,1218,2016-01-04,2020-12-31,0.008290911984977419
932000.CSI,alpha015,-0.008283831511614865,1218,2016-01-04,2020-12-31,0.008283831511614865
Au9999.SGE,alpha053,0.00826872449939874,1218,2016-01-04,2020-12-31,0.00826872449939874
000906.SH,alpha035,0.00825431504133855,1185,2016-01-04,2020-12-31,0.00825431504133855
930050.CSI,alpha031,-0.00824000174964721,1198,2016-01-04,2020-12-31,0.00824000174964721
000300.SH,alpha017,0.008227740872771042,1206,2016-01-06,2020-12-31,0.008227740872771042
000928.SH,alpha020,-0.008211032109439763,1218,2016-01-04,2020-12-31,0.008211032109439763
Au9999.SGE,alpha032,-0.008167718479329839,1030,2016-10-14,2020-12-31,0.008167718479329839
000906.SH,alpha011,-0.008127203370846867,1214,2016-01-04,2020-12-31,0.008127203370846867
Au9999.SGE,alpha015,0.00811137371841561,1218,2016-01-04,2020-12-31,0.00811137371841561
930050.CSI,alpha028,0.00799625807072863,1217,2016-01-04,2020-12-31,0.00799625807072863
Au9999.SGE,alpha031,-0.007952227765232096,1218,2016-01-04,2020-12-31,0.007952227765232096
000905.SH,alpha031,0.007948371974876108,1218,2016-01-04,2020-12-31,0.007948371974876108
931071.CSI,alpha081,0.007923003941056692,1218,2016-01-04,2020-12-31,0.007923003941056692
000906.SH,alpha044,-0.00788385298755583,1218,2016-01-04,2020-12-31,0.00788385298755583
000140.SH,alpha098,0.007859673594729388,1218,2016-01-04,2020-12-31,0.007859673594729388
Au9999.SGE,alpha034,0.007767199212099808,1218,2016-01-04,2020-12-31,0.007767199212099808
932000.CSI,alpha013,0.007755280641571891,1213,2016-01-04,2020-12-31,0.007755280641571891
930050.CSI,alpha038,0.007744677211271775,1208,2016-01-04,2020-12-31,0.007744677211271775
000510.CSI,alpha009,-0.00773887762823025,1218,2016-01-04,2020-12-31,0.00773887762823025
931071.CSI,alpha074,0.007714150185489418,1218,2016-01-04,2020-12-31,0.007714150185489418
931071.CSI,alpha061,-0.007698659997708041,1218,2016-01-04,2020-12-31,0.007698659997708041
931071.CSI,alpha073,-0.007671458147616803,1218,2016-01-04,2020-12-31,0.007671458147616803
000928.SH,alpha061,0.007638934555448327,1218,2016-01-04,2020-12-31,0.007638934555448327
000906.SH,alpha046,-0.007631337913463299,1216,2016-01-04,2020-12-31,0.007631337913463299
000510.CSI,alpha051,0.0076087495732067795,1218,2016-01-04,2020-12-31,0.0076087495732067795
000510.CSI,alpha049,0.0076087495732067795,1218,2016-01-04,2020-12-31,0.0076087495732067795
932000.CSI,alpha092,0.00759558473694758,1218,2016-01-04,2020-12-31,0.00759558473694758
000852.SH,alpha083,0.007535066245908428,1211,2016-01-04,2020-12-31,0.007535066245908428
Au9999.SGE,alpha054,0.007511111178689145,1218,2016-01-04,2020-12-31,0.007511111178689145
000906.SH,alpha073,0.007493718639884657,1197,2016-01-04,2020-12-31,0.007493718639884657
000300.SH,alpha009,0.007420968807178784,1216,2016-01-04,2020-12-31,0.007420968807178784
000905.SH,alpha008,-0.00736242712641229,1218,2016-01-04,2020-12-31,0.00736242712641229
000510.CSI,alpha078,-0.007322681471112112,1218,2016-01-04,2020-12-31,0.007322681471112112
000510.CSI,alpha035,0.007266875476253268,1218,2016-01-04,2020-12-31,0.007266875476253268
932000.CSI,alpha003,-0.007259848241199973,1218,2016-01-04,2020-12-31,0.007259848241199973
932000.CSI,alpha074,-0.007206440503689375,1218,2016-01-04,2020-12-31,0.007206440503689375
000852.SH,alpha031,-0.0071437914074143445,1198,2016-01-04,2020-12-31,0.0071437914074143445
000906.SH,alpha057,-0.007136657938415597,1187,2016-01-04,2020-12-31,0.007136657938415597
000928.SH,alpha021,-0.007089412937421384,1218,2016-01-04,2020-12-31,0.007089412937421384
000140.SH,alpha064,-0.007071236530320109,1218,2016-01-04,2020-12-31,0.007071236530320109
Au9999.SGE,alpha002,0.007047589781262123,1218,2016-01-04,2020-12-31,0.007047589781262123
Au9999.SGE,alpha061,-0.006975253873474066,1218,2016-01-04,2020-12-31,0.006975253873474066
000928.SH,alpha046,-0.006964216324854334,1218,2016-01-04,2020-12-31,0.006964216324854334
930050.CSI,alpha085,0.006956648325833268,1218,2016-01-04,2020-12-31,0.006956648325833268
930050.CSI,alpha010,0.006878926599190692,1216,2016-01-04,2020-12-31,0.006878926599190692
000852.SH,alpha094,0.006868013216908337,1218,2016-01-04,2020-12-31,0.006868013216908337
930050.CSI,alpha046,-0.006809819290509626,1216,2016-01-04,2020-12-31,0.006809819290509626
Au9999.SGE,alpha028,0.0067464459408447365,1218,2016-01-04,2020-12-31,0.0067464459408447365
000928.SH,alpha028,-0.006593315354982335,1218,2016-01-04,2020-12-31,0.006593315354982335
930050.CSI,alpha061,-0.006574216619814046,1218,2016-01-04,2020-12-31,0.006574216619814046
931071.CSI,alpha021,0.006465356301415398,1218,2016-01-04,2020-12-31,0.006465356301415398
Au9999.SGE,alpha043,0.006332209345062197,1218,2016-01-04,2020-12-31,0.006332209345062197
000140.SH,alpha039,0.006290879901848871,1218,2016-01-04,2020-12-31,0.006290879901848871
931071.CSI,alpha043,0.006246883790974293,1218,2016-01-04,2020-12-31,0.006246883790974293
930050.CSI,alpha043,0.006243324840829388,1203,2016-01-04,2020-12-31,0.006243324840829388
000510.CSI,alpha014,-0.0062157890439529535,1218,2016-01-04,2020-12-31,0.0062157890439529535
Au9999.SGE,alpha044,0.0061358835961365715,1218,2016-01-04,2020-12-31,0.0061358835961365715
000906.SH,alpha055,-0.006127210069416795,1218,2016-01-04,2020-12-31,0.006127210069416795
000906.SH,alpha039,-0.006095468420773047,965,2016-01-06,2020-12-31,0.006095468420773047
000140.SH,alpha086,0.006075923924495662,1218,2016-01-04,2020-12-31,0.006075923924495662
000928.SH,alpha008,0.006023313633182876,1218,2016-01-04,2020-12-31,0.006023313633182876
000510.CSI,alpha004,0.005920696278338971,1218,2016-01-04,2020-12-31,0.005920696278338971
932000.CSI,alpha081,-0.0058986111415822075,1218,2016-01-04,2020-12-31,0.0058986111415822075
000300.SH,alpha075,-0.005841251353167564,1218,2016-01-04,2020-12-31,0.005841251353167564
000905.SH,alpha072,-0.0058016654084967565,1217,2016-01-05,2020-12-31,0.0058016654084967565
000510.CSI,alpha066,0.005796969108717135,1218,2016-01-04,2020-12-31,0.005796969108717135
000928.SH,alpha037,0.005698239950132976,1218,2016-01-04,2020-12-31,0.005698239950132976
930050.CSI,alpha094,0.00564726029644761,1218,2016-01-04,2020-12-31,0.00564726029644761
000905.SH,alpha051,-0.00560875069196565,1218,2016-01-04,2020-12-31,0.00560875069196565
000906.SH,alpha038,0.0055752402951538115,1208,2016-01-04,2020-12-31,0.0055752402951538115
000905.SH,alpha077,-0.005540967893625203,1218,2016-01-04,2020-12-31,0.005540967893625203
000300.SH,alpha042,0.005524770458475664,1217,2016-01-04,2020-12-31,0.005524770458475664
931071.CSI,alpha064,-0.0054390648665822395,1218,2016-01-04,2020-12-31,0.0054390648665822395
000905.SH,alpha023,-0.005434910541745278,1218,2016-01-04,2020-12-31,0.005434910541745278
000928.SH,alpha014,-0.005391874910837077,1218,2016-01-04,2020-12-31,0.005391874910837077
932000.CSI,alpha024,0.005358448272762332,1154,2016-01-04,2020-09-24,0.005358448272762332
930050.CSI,alpha039,-0.00527979259835264,965,2016-01-06,2020-12-31,0.00527979259835264
931071.CSI,alpha004,0.005251500794010894,1218,2016-01-04,2020-12-31,0.005251500794010894
000510.CSI,alpha027,-0.005211699721437867,1218,2016-01-04,2020-12-31,0.005211699721437867
000906.SH,alpha002,0.005201787962385812,1218,2016-01-04,2020-12-31,0.005201787962385812
930050.CSI,alpha064,-0.005189664251684208,1218,2016-01-04,2020-12-31,0.005189664251684208
000906.SH,alpha037,0.005153373042151695,1017,2016-01-04,2020-12-31,0.005153373042151695
000905.SH,alpha001,-0.005097307638206781,1218,2016-01-04,2020-12-31,0.005097307638206781
000928.SH,alpha035,0.005039983789138375,1218,2016-01-04,2020-12-31,0.005039983789138375
000300.SH,alpha041,-0.005001411747310902,1218,2016-01-04,2020-12-31,0.005001411747310902
000928.SH,alpha060,-0.005000909897318964,1218,2016-01-04,2020-12-31,0.005000909897318964
000905.SH,alpha006,0.004978426918516547,1218,2016-01-04,2020-12-31,0.004978426918516547
000510.CSI,alpha010,-0.004922455772293253,1218,2016-01-04,2020-12-31,0.004922455772293253
932000.CSI,alpha018,-0.004903031329624014,1213,2016-01-04,2020-12-31,0.004903031329624014
000300.SH,alpha051,0.004889693604134485,1216,2016-01-04,2020-12-31,0.004889693604134485
930050.CSI,alpha034,0.004874549002671514,1216,2016-01-04,2020-12-31,0.004874549002671514
Au9999.SGE,alpha038,0.0048147376160033025,1218,2016-01-04,2020-12-31,0.0048147376160033025
000300.SH,alpha081,-0.004792516038716045,1218,2016-01-04,2020-12-31,0.004792516038716045
000906.SH,alpha033,0.00475143736413166,1217,2016-01-04,2020-12-31,0.00475143736413166
000906.SH,alpha009,0.004678516073195252,1216,2016-01-04,2020-12-31,0.004678516073195252
000852.SH,alpha001,-0.004632038964221988,1193,2016-01-04,2020-12-31,0.004632038964221988
000140.SH,alpha052,-0.0046040569928989025,1217,2016-01-04,2020-12-31,0.0046040569928989025
932000.CSI,alpha064,-0.004579597325023302,1218,2016-01-04,2020-12-31,0.004579597325023302
000906.SH,alpha013,-0.004506964691330398,1213,2016-01-04,2020-12-31,0.004506964691330398
000300.SH,alpha021,-0.004442956953893576,1218,2016-01-04,2020-12-31,0.004442956953893576
000300.SH,alpha030,0.004400434366330226,1214,2016-01-04,2020-12-31,0.004400434366330226
930050.CSI,alpha015,-0.004363887846101622,1218,2016-01-04,2020-12-31,0.004363887846101622
000300.SH,alpha049,0.004304898990813791,1216,2016-01-04,2020-12-31,0.004304898990813791
000906.SH,alpha028,-0.004274913724398265,1217,2016-01-04,2020-12-31,0.004274913724398265
000906.SH,alpha064,-0.004257833747481343,1218,2016-01-04,2020-12-31,0.004257833747481343
000300.SH,alpha047,-0.00421046230221997,1218,2016-01-04,2020-12-31,0.00421046230221997
930050.CSI,alpha004,-0.004137645579907711,1209,2016-01-04,2020-12-31,0.004137645579907711
Au9999.SGE,alpha084,-0.004087449106439991,1218,2016-01-04,2020-12-31,0.004087449106439991
000510.CSI,alpha072,0.0040840685968536305,1214,2016-01-05,2020-12-31,0.0040840685968536305
Au9999.SGE,alpha029,0.004082579604895947,1218,2016-01-04,2020-12-31,0.004082579604895947
000928.SH,alpha062,-0.004074391491415011,1218,2016-01-04,2020-12-31,0.004074391491415011
000928.SH,alpha095,0.004057402446683847,1218,2016-01-04,2020-12-31,0.004057402446683847
Au9999.SGE,alpha066,-0.004040795196585632,1218,2016-01-04,2020-12-31,0.004040795196585632
000852.SH,alpha047,-0.004028775873805155,1218,2016-01-04,2020-12-31,0.004028775873805155
932000.CSI,alpha039,-0.00394858979177543,1152,2016-01-06,2020-09-24,0.00394858979177543
000140.SH,alpha010,-0.00392943945107819,1218,2016-01-04,2020-12-31,0.00392943945107819
000906.SH,alpha043,0.0038767456898858746,1203,2016-01-04,2020-12-31,0.0038767456898858746
000928.SH,alpha012,-0.003830666442919331,1218,2016-01-04,2020-12-31,0.003830666442919331
000905.SH,alpha030,0.003781453646475411,1218,2016-01-04,2020-12-31,0.003781453646475411
000852.SH,alpha004,-0.003717146834085567,1209,2016-01-04,2020-12-31,0.003717146834085567
000906.SH,alpha014,-0.003707022187912418,1214,2016-01-04,2020-12-31,0.003707022187912418
000510.CSI,alpha062,-0.0037048331029068456,1218,2016-01-04,2020-12-31,0.0037048331029068456
000928.SH,alpha024,-0.003700763900659675,1218,2016-01-04,2020-12-31,0.003700763900659675
000140.SH,alpha099,-0.003660841754014743,1218,2016-01-04,2020-12-31,0.003660841754014743
000852.SH,alpha033,-0.003604238298894936,1217,2016-01-04,2020-12-31,0.003604238298894936
000905.SH,alpha049,-0.003568717496136542,1218,2016-01-04,2020-12-31,0.003568717496136542
000140.SH,alpha031,-0.0035479681800952663,1218,2016-01-04,2020-12-31,0.0035479681800952663
000300.SH,alpha040,-0.003545036303184323,1206,2016-01-06,2020-12-31,0.003545036303184323
932000.CSI,alpha042,0.0035408728039436027,1217,2016-01-04,2020-12-31,0.0035408728039436027
932000.CSI,alpha047,-0.0035242341917708377,1218,2016-01-04,2020-12-31,0.0035242341917708377
000140.SH,alpha023,0.0035112988748493053,1218,2016-01-04,2020-12-31,0.0035112988748493053
000140.SH,alpha101,0.0034972502829596127,1218,2016-01-04,2020-12-31,0.0034972502829596127
932000.CSI,alpha044,0.003382704793710675,1218,2016-01-04,2020-12-31,0.003382704793710675
000140.SH,alpha072,0.003315981608331587,1218,2016-01-04,2020-12-31,0.003315981608331587
000140.SH,alpha032,0.003315981608331587,1218,2016-01-04,2020-12-31,0.003315981608331587
930050.CSI,alpha078,-0.003228891894248751,1218,2016-01-04,2020-12-31,0.003228891894248751
000300.SH,alpha019,-0.0031976634645262264,773,2017-11-01,2020-12-31,0.0031976634645262264
000852.SH,alpha005,-0.0031378096322689235,1208,2016-01-04,2020-12-31,0.0031378096322689235
931071.CSI,alpha006,-0.003126471324156485,1218,2016-01-04,2020-12-31,0.003126471324156485
000906.SH,alpha101,-0.0030908944008790854,1217,2016-01-04,2020-12-31,0.0030908944008790854
000300.SH,alpha043,-0.00308848101216433,1196,2016-01-13,2020-12-31,0.00308848101216433
930050.CSI,alpha066,0.003079464469765293,1207,2016-01-04,2020-12-31,0.003079464469765293
000300.SH,alpha083,0.0030292647161270438,1211,2016-01-04,2020-12-31,0.0030292647161270438
000905.SH,alpha057,0.0030114940514270236,1218,2016-01-04,2020-12-31,0.0030114940514270236
931071.CSI,alpha055,0.003008322978648974,1218,2016-01-04,2020-12-31,0.003008322978648974
932000.CSI,alpha052,-0.0030022859456765214,1154,2016-01-04,2020-09-24,0.0030022859456765214
930050.CSI,alpha095,0.0029859347119429555,1218,2016-01-04,2020-12-31,0.0029859347119429555
931071.CSI,alpha042,0.002971661160582507,1218,2016-01-04,2020-12-31,0.002971661160582507
000906.SH,alpha053,0.002967064234527167,1216,2016-01-04,2020-12-31,0.002967064234527167
931071.CSI,alpha096,0.0028602017082508388,1218,2016-01-04,2020-12-31,0.0028602017082508388
000906.SH,alpha003,0.002842203661499427,1218,2016-01-04,2020-12-31,0.002842203661499427
000928.SH,alpha101,-0.0028399612161397105,1218,2016-01-04,2020-12-31,0.0028399612161397105
000905.SH,alpha046,0.0028393889382593066,1218,2016-01-04,2020-12-31,0.0028393889382593066
Au9999.SGE,alpha096,0.0028067527631331305,1218,2016-01-04,2020-12-31,0.0028067527631331305
931071.CSI,alpha029,0.002766926493581043,1218,2016-01-04,2020-12-31,0.002766926493581043
000852.SH,alpha020,0.0027666146100140997,1216,2016-01-04,2020-12-31,0.0027666146100140997
000510.CSI,alpha046,0.0027510190893931578,1218,2016-01-04,2020-12-31,0.0027510190893931578
932000.CSI,alpha025,0.0027235446647301503,1198,2016-01-04,2020-12-31,0.0027235446647301503
000300.SH,alpha014,0.0026170480331457286,1214,2016-01-04,2020-12-31,0.0026170480331457286
930050.CSI,alpha024,0.002563731228018348,1118,2016-01-04,2020-12-31,0.002563731228018348
Au9999.SGE,alpha052,0.002534584006240217,1024,2016-10-24,2020-12-31,0.002534584006240217
000905.SH,alpha095,0.002525981195823695,1218,2016-01-04,2020-12-31,0.002525981195823695
930050.CSI,alpha009,0.0024642571689883885,1216,2016-01-04,2020-12-31,0.0024642571689883885
930050.CSI,alpha050,0.002461724331038073,1218,2016-01-04,2020-12-31,0.002461724331038073
000905.SH,alpha035,0.002456884687445095,1218,2016-01-04,2020-12-31,0.002456884687445095
000928.SH,alpha018,0.002432816281441117,1218,2016-01-04,2020-12-31,0.002432816281441117
000852.SH,alpha035,-0.0024126260696707216,1185,2016-01-04,2020-12-31,0.0024126260696707216
Au9999.SGE,alpha051,-0.0023881906461863636,1218,2016-01-04,2020-12-31,0.0023881906461863636
000905.SH,alpha036,0.0023707183185123757,1218,2016-01-04,2020-12-31,0.0023707183185123757
000928.SH,alpha009,-0.0023250771432052025,1218,2016-01-04,2020-12-31,0.0023250771432052025
000300.SH,alpha003,0.002226245731911511,1218,2016-01-04,2020-12-31,0.002226245731911511
000928.SH,alpha075,0.002226117191126616,1218,2016-01-04,2020-12-31,0.002226117191126616
Au9999.SGE,alpha049,-0.002215945681582992,1218,2016-01-04,2020-12-31,0.002215945681582992
932000.CSI,alpha033,0.00217094643792458,1217,2016-01-04,2020-12-31,0.00217094643792458
000905.SH,alpha062,-0.0021406201229095894,1218,2016-01-04,2020-12-31,0.0021406201229095894
000140.SH,alpha009,-0.0021204982206365517,1218,2016-01-04,2020-12-31,0.0021204982206365517
000906.SH,alpha049,-0.002090244487364899,1216,2016-01-04,2020-12-31,0.002090244487364899
000906.SH,alpha051,-0.002090244487364899,1216,2016-01-04,2020-12-31,0.002090244487364899
932000.CSI,alpha023,0.002023460670299884,1218,2016-01-04,2020-12-31,0.002023460670299884
932000.CSI,alpha050,0.0020017756059238128,1218,2016-01-04,2020-12-31,0.0020017756059238128
000140.SH,alpha033,0.0019434814381988409,1218,2016-01-04,2020-12-31,0.0019434814381988409
931071.CSI,alpha034,-0.001878313430217636,1218,2016-01-04,2020-12-31,0.001878313430217636
000510.CSI,alpha006,-0.0018720814318813834,1218,2016-01-04,2020-12-31,0.0018720814318813834
000906.SH,alpha030,-0.0018605168565607125,1214,2016-01-04,2020-12-31,0.0018605168565607125
000140.SH,alpha014,0.0018502189480931672,1218,2016-01-04,2020-12-31,0.0018502189480931672
931071.CSI,alpha003,0.0018027019393806515,1218,2016-01-04,2020-12-31,0.0018027019393806515
000928.SH,alpha010,-0.001801134617085055,1218,2016-01-04,2020-12-31,0.001801134617085055
000300.SH,alpha027,0.0017787488913531236,1218,2016-01-04,2020-12-31,0.0017787488913531236
000852.SH,alpha044,-0.001765455397304776,1218,2016-01-04,2020-12-31,0.001765455397304776
000300.SH,alpha020,0.0017604257723599062,1216,2016-01-04,2020-12-31,0.0017604257723599062
000905.SH,alpha099,-0.0017403563564172293,1218,2016-01-04,2020-12-31,0.0017403563564172293
000905.SH,alpha038,0.0017286240532063055,1218,2016-01-04,2020-12-31,0.0017286240532063055
000300.SH,alpha037,-0.001712008376526111,824,2016-10-21,2020-12-31,0.001712008376526111
000852.SH,alpha062,-0.0016969516492832354,1218,2016-01-04,2020-12-31,0.0016969516492832354
000140.SH,alpha061,-0.0016777231459818292,1218,2016-01-04,2020-12-31,0.0016777231459818292
930050.CSI,alpha036,0.001656343642764524,1018,2016-01-04,2020-12-31,0.001656343642764524
000510.CSI,alpha042,-0.0016545133461887593,1218,2016-01-04,2020-12-31,0.0016545133461887593
000905.SH,alpha018,-0.001651711271795601,1218,2016-01-04,2020-12-31,0.001651711271795601
930050.CSI,alpha030,0.001613935342676117,1214,2016-01-04,2020-12-31,0.001613935342676117
930050.CSI,alpha041,-0.001575722580408374,1218,2016-01-04,2020-12-31,0.001575722580408374
931071.CSI,alpha030,-0.0015472390690484744,1218,2016-01-04,2020-12-31,0.0015472390690484744
000905.SH,alpha021,-0.001544092898734435,1218,2016-01-04,2020-12-31,0.001544092898734435
000852.SH,alpha088,-0.001530679594476286,1210,2016-01-04,2020-12-31,0.001530679594476286
000852.SH,alpha018,0.001493107445721893,1213,2016-01-04,2020-12-31,0.001493107445721893
931071.CSI,alpha038,0.0014892313030310592,1218,2016-01-04,2020-12-31,0.0014892313030310592
000140.SH,alpha002,-0.001488456465841183,1218,2016-01-04,2020-12-31,0.001488456465841183
000905.SH,alpha061,-0.0014050709231777266,1218,2016-01-04,2020-12-31,0.0014050709231777266
Au9999.SGE,alpha025,-0.0013834614370958032,1218,2016-01-04,2020-12-31,0.0013834614370958032
000852.SH,alpha029,0.001382793921919974,1206,2016-01-04,2020-12-31,0.001382793921919974
000510.CSI,alpha041,-0.001373361783473157,1218,2016-01-04,2020-12-31,0.001373361783473157
000905.SH,alpha096,0.0012945773773629225,1218,2016-01-04,2020-12-31,0.0012945773773629225
000928.SH,alpha038,0.0012307340346152627,1218,2016-01-04,2020-12-31,0.0012307340346152627
000300.SH,alpha026,0.0012262701848324488,1218,2016-01-04,2020-12-31,0.0012262701848324488
000140.SH,alpha035,0.0011884817828877528,1218,2016-01-04,2020-12-31,0.0011884817828877528
000140.SH,alpha019,-0.0011793754069683593,1218,2016-01-04,2020-12-31,0.0011793754069683593
932000.CSI,alpha088,0.0011504807398337175,1210,2016-01-04,2020-12-31,0.0011504807398337175
931071.CSI,alpha053,-0.001142580581070444,1218,2016-01-04,2020-12-31,0.001142580581070444
931071.CSI,alpha019,0.0009717247798692282,1216,2016-01-06,2020-12-31,0.0009717247798692282
931071.CSI,alpha046,-0.0009626087987092898,1218,2016-01-04,2020-12-31,0.0009626087987092898
000905.SH,alpha004,0.0009402014889236135,1218,2016-01-04,2020-12-31,0.0009402014889236135
000928.SH,alpha031,-0.0008913287759678484,1218,2016-01-04,2020-12-31,0.0008913287759678484
000510.CSI,alpha060,-0.0008658890321671545,1218,2016-01-04,2020-12-31,0.0008658890321671545
000905.SH,alpha024,0.0007945437937235667,1218,2016-01-04,2020-12-31,0.0007945437937235667
000510.CSI,alpha092,0.0007356314727006852,1218,2016-01-04,2020-12-31,0.0007356314727006852
930050.CSI,alpha092,-0.0007181121676427277,1218,2016-01-04,2020-12-31,0.0007181121676427277
000852.SH,alpha045,0.0005762034447309408,1198,2016-01-04,2020-12-31,0.0005762034447309408
000300.SH,alpha092,-0.0005056350422880111,1218,2016-01-04,2020-12-31,0.0005056350422880111
000928.SH,alpha071,-0.00046303650740979485,1218,2016-01-04,2020-12-31,0.00046303650740979485
931071.CSI,alpha050,-0.0004053165847682085,1218,2016-01-04,2020-12-31,0.0004053165847682085
000928.SH,alpha083,-0.0004007004110229966,1218,2016-01-04,2020-12-31,0.0004007004110229966
000510.CSI,alpha044,-0.00034858774082672313,1218,2016-01-04,2020-12-31,0.00034858774082672313
000140.SH,alpha012,-0.0002628412473399759,1218,2016-01-04,2020-12-31,0.0002628412473399759
000852.SH,alpha013,0.00024161000854352126,1213,2016-01-04,2020-12-31,0.00024161000854352126
000140.SH,alpha028,0.00013593324708964234,1218,2016-01-04,2020-12-31,0.00013593324708964234
000510.CSI,alpha088,-0.0001275103145447641,1218,2016-01-04,2020-12-31,0.0001275103145447641
000510.CSI,alpha065,6.609097117244643e-05,1218,2016-01-04,2020-12-31,6.609097117244643e-05
000852.SH,alpha032,2.31444365674682e-05,983,2016-01-04,2020-12-31,2.31444365674682e-05
932000.CSI,alpha101,7.383144212857139e-06,1217,2016-01-04,2020-12-31,7.383144212857139e-06
